x	y	extra
465.4856796491975	257.41867212185764	[]
351.8501397577854	243.57281853517875	[(465.45845029893314, 257.4814978201837)]
465.3510094551033	257.23130427284974	[]
465.35570140692266	257.04811286435904	[]
465.2566306102475	256.95585340817496	[(351.7575597352225, 242.30228565478745)]
465.3722057557384	256.9803766811029	[]
465.2826212073945	256.9509632062391	[(352.8769665217391, 240.2351549275362)]
465.29356781191234	256.83049395961694	[]
465.1479500749063	256.5255645952175	[]
465.11251	256.2194255092592	[]
465.28787824402684	255.99957506610994	[]
465.1275680992022	255.55518978957102	[(351.4734409479617, 240.45268065374304)]
465.0754659095105	255.6404185872576	[(351.4086990454482, 240.01244265644425)]
465.0760633240796	255.4993304360776	[]
464.9200409225219	255.65768622974286	[]
464.9835910577255	255.6441222249107	[]
465.00540997127666	255.51809128680165	[]
464.9643959950718	255.5515829757607	[]
464.98871686451093	255.37637160905737	[]
465.10290718827446	255.26668236418539	[]
465.1805549018438	254.91756447597942	[]
465.3358429782701	254.5992430634853	[]
352.0387823387723	240.7047497047397	[(465.5025992153551, 254.45433286389735)]
465.41153886421614	254.3363433052962	[]
465.43670402110195	254.6503756562273	[]
465.19793011475224	254.72181845194746	[]
464.92433595518247	255.00176539647273	[]
464.7096600588251	255.07117473774932	[]
464.2881792362073	255.1101603657177	[]
464.32218890405017	254.87454974442275	[]
463.90251913389204	254.49372373307543	[]
463.7439085228002	254.00185649967887	[]
463.38231069726123	253.68027723932235	[]
463.3653158528207	253.21203272427005	[]
462.9152282461659	252.71436312622887	[]
345.9700721712099	243.83597365375417	[(462.66513744253996, 252.44124555346846)]
341.23612111111106	242.2882982882883	[(462.0921335521235, 251.817435997426)]
461.624379898416	251.49285818709856	[]
345.28004112537684	243.5419806254255	[(461.46672238791933, 251.36560221722675)]
341.52725526548153	244.24713443360056	[(461.394419546154, 251.3198717523146)]
461.0574501404036	251.2146019518616	[]
348.2266827702754	238.95171519569695	[(461.02014087566806, 251.07086768519906)]
348.8126222392595	235.6579047368421	[(460.8683218367752, 250.6304928648823)]
460.78313211270034	250.10873304157712	[]
460.9751735930993	249.96996835812018	[]
461.12366075852566	249.7951711713506	[]
349.7676278573908	235.21024397903213	[(461.1467873126728, 249.86405249589973)]
461.30890067955943	250.03395134739822	[]
461.37770003923856	250.04931418464085	[]
461.4844104176075	250.1169158197975	[]
461.67918152292145	250.1034725097125	[]
352.0974645454545	238.98740393939394	[(461.8267919516094, 249.85629133401147)]
462.1642260430921	249.76370680205756	[]
462.21595539645654	249.55405685835993	[]
462.5362945581643	249.5194304162729	[]
462.6198679497248	249.53478322861366	[]
462.7786753111611	249.53686280662262	[]
461.6822842474916	247.71648036013764	[]
460.153863599516	244.4237970538415	[]
460.2875720430817	242.95084009364533	[]
460.7096953129741	242.76100936377426	[]
354.0253366184949	234.43399292095467	[(460.97842391321404, 242.63866381313315)]
460.9619855995777	242.80839058767214	[]
354.1408210960349	235.92319709482888	[(460.9791443335057, 243.04395846402087)]
460.6941403973004	243.23912919012784	[]
460.7868481278029	243.36176326445153	[]
460.82608618764544	243.65454014316143	[]
354.6401345187187	239.55927927172934	[(460.6598547073999, 243.531601873186)]
460.55974626809433	243.59603419194923	[]
460.6147056087824	243.58454093812372	[]
460.84534956903263	243.9014457194941	[]
460.9326509272221	244.3270213644916	[]
460.9514156224899	244.82892566265062	[]
461.3221532531881	245.30393156862743	[]
461.5407109039034	245.5540674660405	[]
461.98848430149195	245.7368947683461	[]
357.86265132788066	241.98750097907146	[(462.39479088861833, 245.49577486102655)]
462.64417724063156	244.93381270911456	[]
462.82344449865536	244.2670096158279	[]
358.52513886597933	237.98669384879724	[(463.02927552799025, 243.06395105675347)]
463.1323386965481	242.05526502318392	[]
358.7702763154814	237.44279606965173	[(462.8743231156039, 240.69956935717985)]
358.22707065318815	237.01415500481372	[(462.7257378390283, 239.73639804180675)]
462.4944483518721	238.6575900302888	[]
461.83464929373656	237.66066924881156	[]
461.29525259857616	237.0239152197441	[]
460.6354266666666	236.45598187237616	[]
356.6428009133055	236.84238366713026	[(460.0832443391146, 236.00452413637444)]
356.25769892794375	235.87962335676627	[(459.4809067477107, 235.70085727923373)]
458.7364483849528	235.2585541458481	[]
355.0373175714734	236.89507754633993	[(458.3283159591492, 234.7492203600758)]
457.82025640439923	234.32456583756345	[]
457.3052914399621	233.8883287284545	[]
353.9630565868894	235.5335390133213	[(456.46093592592587, 231.74643857142857)]
455.86025794719046	228.96461580690172	[]
455.64491587379814	227.92511301365437	[]
351.31461754771124	234.00675415267614	[(455.2950399707012, 226.9215217060452)]
350.8713699095278	233.55733258976534	[(454.7353571717416, 225.9437679086234)]
351.0482302724873	232.77781155503243	[(454.5453536356242, 224.55543903619358)]
349.6559660590456	232.53107762787502	[(454.3323068660502, 223.07916336988242)]
349.5416344683006	232.07090325501318	[(454.3427881427945, 221.64630872974155)]
349.82983635342185	230.5405615832482	[(454.4215438990032, 220.46089365323886)]
349.7063233791298	230.53295079162575	[(454.61821644661904, 219.10444965278927)]
351.046294678656	228.47826177749897	[(455.00799419851995, 217.89894173092972)]
350.31577476899344	229.03199551599275	[(455.2418209336232, 216.87171694990383)]
350.3486356673917	228.72481390218178	[(455.86529293396325, 215.83435582067725)]
350.8087986789897	227.34641124585278	[(456.20274663422197, 214.6841403427846)]
456.55895673847994	214.02087004958537	[]
456.6366698079561	212.77287236854136	[]
350.3679382091299	226.07193092599815	[(457.84339087321723, 208.5062076842535)]
350.6897000951995	224.20019904868002	[(459.5729399170149, 204.9959213210976)]
460.12468382729526	203.70860882274408	[]
460.26209167210334	203.26302800169142	[]
460.40479353012404	202.76731245231608	[]
351.6907657964468	222.06821234869017	[(460.4408262027772, 202.35926656418653)]
352.16232140146207	221.846331356354	[(460.4873371187473, 202.08393737464203)]
460.33123807017535	201.90158131960334	[]
460.22381166299823	201.60037072389335	[]
350.80122626757884	221.91304686811097	[(460.06670741697417, 201.10348478474785)]
459.8290099385334	200.53688995574404	[]
352.0879791839111	217.3643385855057	[(459.53780737301366, 200.0104812041885)]
459.33789311967774	199.66615405607305	[]
459.1312525273613	199.60054956283147	[]
459.1026899434506	199.499671933739	[]
459.17505449763695	199.35322917387833	[]
459.2902899545188	198.92121709259087	[]
459.29133791327905	198.2613120448386	[]
459.7786987791545	194.7218957728501	[]
460.54072035582897	190.65726819578734	[]
460.738418213982	189.25012444640637	[]
461.1651470175095	188.82003213109417	[]
461.4968488289077	188.51733970203935	[]
461.7269427088821	188.09065298955997	[]
462.3323270731707	187.7234233228429	[]
462.66192552803165	187.40107163373636	[]
463.1730310068933	187.25539240386814	[]
463.6045130852041	186.75053514113168	[]
464.03380884605286	186.25794338578547	[]
464.3517336833432	185.8033189446971	[]
464.6522429261429	185.54435402621908	[]
465.0520133250207	184.8189958686617	[]
465.25848273698614	184.54330026010885	[]
465.52614100611896	183.89976590998762	[]
465.74252899670495	183.298073344765	[]
466.0352062673699	182.73943590526423	[]
466.3087804973804	181.84671340885896	[]
466.54021288671015	181.2761537908497	[]
466.77894518518514	180.66136620915032	[]
467.08819795164214	180.60455125141272	[]
467.3719896814936	180.74894602416254	[]
467.68462696869847	181.12614261943986	[]
467.9729273102667	181.33475067209005	[]
468.1146868479345	181.5179476053383	[]
468.28601971978077	181.5183983086892	[]
468.38828838827834	181.47381606814568	[]
468.54815814814805	181.58363755278643	[]
468.6878957222106	181.77034492822966	[]
468.7792091679667	182.14877061709134	[]
468.96614635575884	182.64002247790373	[]
469.12207913222136	183.276020911979	[]
469.3137742006095	183.71845693821004	[]
469.4342378621454	183.99144610013175	[]
469.576995693997	184.33126497938963	[]
469.61294336101304	184.63242298180054	[]
469.67854166318716	185.0572125052192	[]
469.82766920527496	185.29103897796287	[]
470.10059552906733	185.705537673219	[]
470.20850447754424	185.7802964011707	[]
470.458124081246	185.91423858345613	[]
470.697625051056	186.071103859281	[]
470.9285514039512	186.26514240857503	[]
471.2854880252647	186.61797685316162	[]
471.4125240765765	186.70485938063064	[]
471.71011186757215	186.86422194114317	[]
471.8235811750088	186.78243811501596	[]
471.97361088234237	186.8944491076956	[]
472.1501559802036	186.96946097201453	[]
472.35511057471257	187.1032786781609	[]
472.5878770120898	187.35327712723085	[]
472.82833324106105	187.79452412918107	[]
473.2363881180985	188.12802853662066	[]
473.7955883053801	188.29765757133524	[]
474.27018543859646	188.39799976608185	[]
474.9376202292769	188.37839036449145	[]
475.51865582178357	188.35566657685627	[]
476.23961880195594	188.28266540490478	[]
476.8775998756859	188.24606218949492	[]
477.85778076524286	188.3140713847252	[]
478.8501518037436	188.50630608621668	[]
480.2270902334897	188.81565991797336	[]
484.010009218811	190.26686415201937	[]
486.38800103456407	191.8932898552947	[]
240.47066653367108	240.7557625860249	[(487.25382544963605, 191.90237362213352)]
488.4366896736431	191.91924850065035	[]
489.6867157089359	191.88638902872395	[]
239.0090666037736	239.49573327044024	[(490.79254995021273, 191.95383638721592)]
239.67041329854396	240.4360362852725	[(491.80116192524565, 192.13034671661026)]
492.71365816617975	192.59750269717625	[]
493.7399632997419	193.04974167834172	[]
494.526716231454	193.25433739861523	[]
495.6047304968944	193.61326051759832	[]
496.1584989995848	193.6101386841013	[]
496.9956592637215	193.7101840294511	[]
497.7437744584647	193.80728655099892	[]
498.3985386656519	194.0902772078471	[]
499.08374051655284	194.3302088063034	[]
499.76581846249087	194.54153256521923	[]
500.4801949690997	194.88315101733002	[]
501.16862979166666	194.95634680555554	[]
501.805452355725	194.98629456246437	[]
502.59055392203345	195.13895376399316	[]
503.0889491119383	195.15847849242223	[]
503.7776092143207	195.39414419043794	[]
504.37096032397403	195.55535557235422	[]
505.3384736338872	195.8410614846091	[]
506.18957847686954	196.08773170415066	[]
507.2598213641591	196.42563686910512	[]
508.05052203985605	196.65795815019834	[]
509.0154046328077	196.90317729454443	[]
510.05849613070046	197.1899018664786	[]
511.0084422592802	197.64778652157526	[]
511.7950741751604	197.99118591543976	[]
512.5873206874969	198.36516216664276	[]
513.3398952223816	198.5414255906265	[]
514.1398539757296	198.93596300009628	[]
515.1838848495787	199.4300942358604	[]
516.030025105004	199.78410589241338	[]
516.8382180530369	200.45496758993858	[]
517.463569280498	200.9090919977454	[]
518.0812342495585	201.49294702177752	[]
518.5837837326286	201.89857136230182	[]
518.9964194240322	202.22065827111308	[]
520.0299409664693	202.31682459566073	[]
520.460557742413	201.88528017024427	[]
521.9394445238095	202.36543658730156	[]
526.3343991880477	204.54551733819025	[]
526.9846446817184	206.2096368422703	[]
526.3277530502617	207.24384798343243	[]
526.1055647085429	208.69117227067133	[]
525.9787205541295	210.01968889677386	[]
525.6136952101764	210.99096316639174	[]
525.4329510596355	212.0186305869209	[]
525.2713508595762	212.637413446227	[]
524.8591939740757	213.08225087985466	[]
524.2643995348838	213.5186631007752	[]
523.6902674409033	214.1266249870801	[]
523.0863182437275	214.47561334528075	[]
522.5228672779274	215.08808261381364	[]
522.0647753835347	215.44671787674437	[]
521.5881112187179	215.7483121676435	[]
521.1343184494733	216.0610007547951	[]
520.9508546413736	216.6342756697129	[]
520.3766734433854	216.97182931205967	[]
519.9406054177527	217.5002157895459	[]
519.835575373464	217.9515033959225	[]
519.4261009298606	218.52731180488917	[]
519.2983712560651	219.1084509045134	[]
519.5997172813758	219.8471102561288	[]
519.6961046094609	220.13646947928126	[]
519.855431686747	220.53277743336983	[]
520.1355877564891	220.8039879207153	[]
520.6117109053724	220.9570852332368	[]
521.0297909272381	221.32787809318697	[]
521.5465034107455	221.79472938070225	[]
522.3552343003797	222.3653594585853	[]
522.7845198868066	222.6948575881828	[]
523.1003024804227	223.1309657505425	[]
523.7315645354564	223.46460140247692	[]
524.4229155898836	223.53045019734634	[]
524.8662231519274	223.4392438495682	[]
525.217953107221	223.2082278458546	[]
525.5394900425243	223.12608519087655	[]
525.977943997266	223.0434097266159	[]
526.161276568483	223.01336297005398	[]
526.4506309054462	223.313445024934	[]
526.8040657290892	223.07601773464228	[]
527.1829380496347	223.03088161012707	[]
527.4339132632268	222.85581269329703	[]
527.4603993164327	222.9747094617977	[]
527.5755158894593	223.00036236081746	[]
527.7462688139806	223.17857237000962	[]
527.7974106116208	223.66275209989806	[]
527.9727026010679	224.03865734299515	[]
528.0398464132081	224.26402090578614	[]
527.9638954930725	224.54829850855745	[]
527.0909005541112	224.26416863791607	[]
523.4269999583639	223.0626110286554	[]
522.8438838077769	222.78117898997309	[]
523.3156455344041	223.13990688677373	[]
523.4322033962264	223.42945182389937	[]
523.677076390655	223.75707047612008	[]
523.9025573933649	223.82613559241707	[]
523.8474893857699	224.12557164518836	[]
524.0763556790123	224.47986185185187	[]
524.370885824835	224.35403919416115	[]
524.3755267089994	224.51019477015785	[]
524.6150656881463	224.48857404136834	[]
525.0384657381993	224.65405916302217	[]
525.2642154086903	224.50360566494479	[]
525.2782123845918	224.33726670029552	[]
525.6303475982735	224.13258283798368	[]
525.9118897611694	224.19678784640723	[]
526.1046163780619	224.282863181328	[]
526.546228487395	224.31586226683262	[]
526.8923569919716	224.13753476279845	[]
527.2180353908299	224.04182093274576	[]
527.5693844752309	224.03401503778338	[]
527.7927771463967	224.11941534556382	[]
528.2038492194293	224.04916685650653	[]
528.4905279282868	224.25753988047808	[]
528.9197335513024	224.54620883040934	[]
529.566887602899	224.85971036237763	[]
530.3514817063103	225.6693919919626	[]
534.0314274934427	228.14079002052685	[]
535.9146077011494	230.0344352873563	[]
535.9564606120606	230.4136163631748	[]
535.9882472996932	230.83379793044665	[]
536.3194949785408	231.454888397711	[]
536.6988941201716	231.80544633762514	[]
536.8633272191528	231.94125079189683	[]
537.1061124755324	232.41497833621185	[]
537.2979880473714	232.55188752744078	[]
537.397370194512	232.86964065879354	[]
537.5066189466089	233.27302587301585	[]
537.6994060310612	233.6222130486051	[]
537.8649089898989	233.79971156106518	[]
537.8630559770114	233.7919640229885	[]
537.9693626170798	233.98732634527087	[]
537.9225294132873	234.1765414926661	[]
537.9523087513666	234.1444371822314	[]
537.9172336503856	234.2966680976864	[]
537.8552506964834	234.64385886764535	[]
537.8402153036783	235.0321172141431	[]
537.8782916229117	235.53427525741563	[]
537.7696352465482	235.90217962524653	[]
537.6352301257862	236.35419437305228	[]
537.6774220956399	236.78583278481014	[]
537.3227354868945	237.07858664028734	[]
537.1260773028629	237.5286667330766	[]
537.0346247445498	238.32247075331446	[]
536.8673474017263	239.1408093842432	[]
535.7946250057462	240.36590503639246	[]
531.7837646239211	242.19236511713933	[]
530.5418279983858	243.1397900645682	[]
530.2253520825067	243.84812028027872	[]
529.9008114516861	244.56581472806087	[]
529.2941868584226	245.13147107000853	[]
528.9847924998749	245.8408769970466	[]
528.7718951435704	246.5913208614232	[]
528.3507647636723	247.15017085127442	[]
527.8623944137862	247.7834743722494	[]
527.1668718838457	248.86818959980477	[]
526.641713163017	249.11859880778587	[]
526.2898944908413	249.5745109907689	[]
525.8857888678882	250.0315109859087	[]
525.618647168989	250.97544456399942	[]
525.4615704458416	251.82424549585596	[]
525.3558446415489	252.5515536944008	[]
525.02001	253.1463456973995	[]
524.8177558033573	254.1310581026943	[]
526.5221338938053	257.2990394033685	[]
528.9553814202645	262.19902148422733	[]
528.4718621701762	263.5552313149978	[]
527.4297984424251	264.6608079554167	[]
527.0933034926958	265.7222638417757	[]
526.6466466450886	266.62009631203676	[]
526.2632511803034	267.33376221074184	[]
525.9587030288684	268.1650058228905	[]
525.6076648364648	269.1734268406402	[]
525.2322807164683	270.3009175568933	[]
524.824888071015	271.02225349332235	[]
524.3205841626794	271.61486532011844	[]
523.9275855929748	272.46963701430377	[]
523.6651368115942	273.29819840579705	[]
523.2366457485324	273.9321693404131	[]
522.980987896852	274.85444179281086	[]
522.5892838616753	275.90527129474754	[]
522.2268526842684	276.7843004290429	[]
522.06069566925	277.97470241210203	[]
521.5584618167456	278.7102961154993	[]
522.8839923364111	280.82087622953736	[]
526.8253779046952	286.144976129409	[]
526.9540250995195	287.77566774422326	[]
525.9529782840877	288.32313279750605	[]
526.6998630809783	290.43990283553705	[]
526.4549423017407	291.06091694175797	[]
525.3757288787755	290.3933442390073	[]
526.1042302779207	292.67105134499906	[]
525.0142853227859	291.6229869048918	[]
525.0487663531686	292.41430406737726	[]
524.8571970716716	293.7268968550205	[]
525.084164990486	294.4003300138384	[]
524.0270675992036	293.76318813673583	[]
523.7342077309562	294.06051783360346	[]
524.1547416289653	294.6555670427876	[]
523.7269327325633	294.7879946002327	[]
524.0646943219244	289.94430817768824	[]
525.5493027675473	289.3245362876968	[]
528.7706133848417	295.1157660706402	[]
529.6163868928771	294.5588995120583	[]
529.786146901511	294.55034679228106	[]
529.6784003675538	294.7078680481622	[]
529.8827243760729	294.90495262221015	[]
529.5250662675118	294.39043763308985	[]
529.0949284149184	293.861968041958	[]
530.0824515908685	294.5164626484751	[]
530.8258369884286	295.3997174891383	[]
529.1690717075232	293.0380958457781	[]
529.6889480735002	293.8949701143542	[]
530.401210054548	294.0216473471521	[]
530.2147372977057	293.62779769977556	[]
530.612365736592	293.7270523172663	[]
530.3156138243758	292.6575798505523	[]
530.4222658182151	292.5279099450247	[]
530.6138244705668	292.457591556406	[]
531.0271544082518	294.152539858849	[]
531.1843268247277	293.2896130909729	[]
529.5835095725278	291.01943623729454	[]
529.5213383710277	290.2943606059738	[]
528.8686312208741	289.5974488600038	[]
529.5090557199005	283.32802572163456	[]
528.4176055034771	288.9053162779841	[]
528.7458845874587	289.21592595779293	[]
528.5684110387683	288.96643552402145	[]
527.560276591038	288.0648615787483	[]
527.070094485407	287.30290938556067	[]
526.7057577838146	287.14856590506145	[]
526.5807281227028	287.01155462350386	[]
526.0634209407533	286.49447337308345	[]
525.8775957183337	286.00803871446107	[]
525.3093021198243	285.5128415207021	[]
524.9671308250544	285.49021720976435	[]
524.655996826629	285.22550988238055	[]
524.2472438447234	285.01535170153414	[]
525.9079746017699	287.56785660766957	[]
522.99148568474	283.82472585615795	[]
522.638322780269	283.2425361584454	[]
522.2553695406768	283.0926154544612	[]
521.8700242942776	282.74903015032044	[]
521.0235572321674	282.1291755191407	[]
520.4450166092346	281.8448980988194	[]
519.859370854608	281.3071347510411	[]
519.0224172360981	276.33190433651964	[]
517.94801060818	276.16812109421716	[]
518.6573258675235	282.5154985483605	[]
517.1684946891838	279.2735895330091	[]
516.0267383135182	278.5842460193747	[]
515.2544817719396	275.25108136202715	[]
514.671369099053	277.63660244091795	[]
512.8740287389212	276.5631483472609	[]
511.7094311123723	276.33935502038923	[]
513.7633594710417	281.0533720225928	[]
510.1279937892603	275.3613879128672	[]
508.8926522764227	274.72232707317073	[]
510.0337407653113	279.178922327185	[]
507.0428810620331	276.7055420991664	[]
504.3004493638943	272.8915298880205	[]
504.3902340181482	275.1291040025521	[]
502.1281587990626	272.96497045694196	[]
499.8963544786792	270.2736225375632	[]
501.119713319364	274.46874544867956	[]
498.5591899986148	272.013826746312	[]
496.0662048522938	270.24824069610224	[]
499.70640789658194	275.2232936692959	[]
492.94179094326915	266.9313023000602	[]
491.43087941217874	265.7971236923618	[]
489.9224970466321	265.1370739032815	[]
488.4715189514066	264.6048181841432	[]
486.9242354951752	264.0139595513797	[]
484.21360605911326	263.0958063875205	[]
482.73827625996256	261.90646806684373	[]
481.0608962073439	260.4468116089269	[]
479.65081286322305	259.67044915650996	[]
477.9321899084992	258.4175626773632	[]
476.52395608546027	257.59845501800334	[]
474.6846904363544	256.9501184598698	[]
463.6016352875623	251.31045785037793	[]
460.4749029663608	248.21478064220184	[]
459.1957055573976	247.44089299407446	[]
457.39126414045637	246.61939189442975	[]
455.6988316858029	245.81832058071902	[]
332.32897117523606	239.22395193774045	[(453.8374384853959, 244.95734212887683)]
451.9911978428199	244.25553258489944	[]
450.21373952653715	243.38805856946806	[]
331.15342944030465	239.2709157791025	[(448.4665705095541, 242.62194323897143)]
329.8449280592556	240.78720625413737	[(446.5733104289323, 242.00001)]
444.7814499251986	241.4386203319308	[]
442.7433720614608	240.69711687443777	[]
440.4207200078118	239.84730334837832	[]
328.93216118215116	238.75533800532799	[(438.37271431588607, 238.99295077134985)]
435.9877783688307	238.185708400479	[]
433.4232670017877	237.149267966573	[]
431.00541693559796	236.32957829440906	[]
327.8713070558745	236.1681806316653	[(428.7964582029598, 235.84990429175477)]
327.397471212976	235.29366303244007	[(426.3335406553911, 235.28700083861872)]
326.5617486489479	235.0767911000369	[(423.967711236437, 234.66423743712676)]
326.0825404136252	234.0851681508516	[(421.44414911788374, 233.97100397673967)]
325.9797397297297	234.06894850372112	[(419.2597376534375, 233.44652523975927)]
325.94795120946924	230.9945124122069	[(416.917734143651, 232.6291051314589)]
325.32529238404226	229.07475164864212	[(414.6271772317318, 231.99849397144354)]
324.26669730011344	232.57743700918186	[(412.62083817443937, 231.59956977438435)]
323.47473828954304	232.161981087897	[(410.43588633390937, 230.9454465895811)]
408.4562320769314	230.47908813010787	[]
321.6293357224402	229.89892782613865	[(403.7569923434992, 230.10921278223648)]
317.5407306596633	231.52118926126738	[(393.93982627296583, 229.9996162992126)]
315.4908643922984	229.63960085439228	[(388.6775683577867, 229.07043588627172)]
314.6653285035389	230.7110537029547	[(387.146160809317, 228.88836373075404)]
385.3784907778925	228.52325934424925	[]
314.57405250483004	230.49165677804297	[(383.64016539281306, 228.51844977216052)]
314.0072364280798	229.49794530626292	[(382.53044339706815, 228.29334970681964)]
314.0498680772553	227.83562643835617	[(381.03209200212984, 227.60514844515438)]
379.62990671659134	227.38273974614998	[]
378.9172473520199	227.05190255189254	[]
377.29102126616647	225.8592232505176	[]
375.9804830909668	226.12222516642854	[]
375.12513141975785	226.38346015883016	[]
374.50155406524664	226.11176337186896	[]
373.53615297854253	225.7368115721266	[]
372.67124979686787	224.92519146286992	[]
371.76337528221507	224.68635185303515	[]
370.22645855607607	224.6543153018873	[]
369.2822013406699	224.6002991798538	[]
367.67729458140394	224.54335983234873	[]
366.32444729903534	224.3234290782422	[]
364.28782086562063	224.26215110363967	[]
0.0	0.0	0
348.5428942435518	215.69465813396081	[]
0.0	0.0	0
343.9960964805692	225.3207543897099	[]
342.45477405169817	225.08783140612616	[]
341.014036675485	225.03216939153438	[]
339.4884563700494	224.50062100927622	[]
337.935516279871	224.29355229187505	[]
336.5479986496411	224.17983529349578	[]
335.66434847834205	222.7424146448794	[]
334.40176278032	223.46161246276728	[]
333.46617457461645	222.8668161366806	[]
333.47418761311326	222.80084080723026	[]
332.37714161960946	222.48600522404828	[]
325.72317343276376	222.97462144898154	[]
330.36870908527254	222.02998191870324	[]
329.5781537209172	222.10605920727798	[]
328.8558411900218	221.99016459498324	[]
332.6769413340713	217.72427285599275	[]
326.5485096738421	215.86918808219178	[]
321.3134435655787	222.23059305830583	[]
326.0419016707576	214.76446753559156	[]
320.46048605054364	221.961955342345	[]
325.07577402485737	219.8031654155671	[]
324.9202428966521	218.9303156768559	[]
324.5312319227313	220.40364881401618	[]
324.3837647224644	219.12462493751815	[]
322.85807269015777	212.36281336800397	[]
324.2576279623533	220.69326567654258	[]
324.1767032158391	220.72773976331695	[]
324.54816926547187	219.03723668550072	[]
324.2864315641331	217.55521919287307	[]
317.51780958455697	222.76475942100612	[]
324.0959336824393	219.58216550288236	[]
324.5050759472422	219.10651479616305	[]
317.2956372401433	223.16364201911588	[]
324.00039628394836	219.88002426279195	[]
322.7384529385002	216.70364653717667	[]
319.32740733007233	222.991933978396	[]
316.41402304546654	222.76109985004933	[]
316.0543635368008	223.15688538806896	[]
322.63420328800714	218.40018385365246	[]
322.9094847714086	220.0531707886023	[]
322.54761460885385	222.1700986540183	[]
325.80002302846714	220.49056436127938	[]
322.5225737863707	221.3770909477671	[]
0.0	0.0	0
322.23424502804943	221.83964344788086	[]
315.65703108568863	223.80303577139722	[]
315.1212333779098	224.19146616641902	[]
325.53321385703083	220.37259509659614	[]
0.0	0.0	0
321.9926632325776	222.9862160693295	[]
313.91307767317505	225.06173122619825	[]
321.4998887878787	218.69770696969695	[]
323.05251662039996	224.42319814111343	[]
322.5559130972094	224.52224244403556	[]
321.2626044400688	226.6461405096117	[]
315.733973453056	228.02458466918713	[]
0.0	0.0	0
0.0	0.0	0
316.12144281423514	230.70510542625448	[]
318.1051579529793	232.24216646534254	[]
327.13347571906354	231.50979957636565	[]
0.0	0.0	0
0.0	0.0	0
0.0	0.0	0
313.61843519303847	254.47385600488948	[]
0.0	0.0	0
0.0	0.0	0
0.0	0.0	0
0.0	0.0	0
0.0	0.0	0
0.0	0.0	0
0.0	0.0	0
321.1069621722025	261.6953958258865	[]
0.0	0.0	0
0.0	0.0	0
0.0	0.0	0
317.60869817838017	263.3761703064682	[]
322.4767252707132	262.0963986063072	[]
0.0	0.0	0
320.97025327244927	262.98899289449406	[]
0.0	0.0	0
323.2167682502871	253.41468200645738	[]
0.0	0.0	0
0.0	0.0	0
0.0	0.0	0
0.0	0.0	0
0.0	0.0	0
324.01800184056816	255.68992224208267	[]
0.0	0.0	0
0.0	0.0	0
326.44385596334814	255.08000009410597	[]
0.0	0.0	0
0.0	0.0	0
320.9916025954063	260.984891865836	[]
0.0	0.0	0
0.0	0.0	0
320.80405478691296	261.02831353357766	[]
320.06387408730154	261.0914782539682	[]
318.0652192936629	260.3063376993993	[]
332.2804008202681	252.9045392736499	[]
317.8727343655633	260.9765741060782	[]
326.3431379620853	258.8254013543013	[]
326.1038858237296	253.04529561166805	[]
319.61232730814413	261.1035393011889	[]
0.0	0.0	0
0.0	0.0	0
325.0413677616815	257.6507698352506	[]
0.0	0.0	0
327.3699429907749	256.5372557105081	[]
0.0	0.0	0
0.0	0.0	0
321.51735516886026	260.860151822263	[]
328.45984282006157	256.25638190203836	[]
0.0	0.0	0
0.0	0.0	0
0.0	0.0	0
0.0	0.0	0
0.0	0.0	0
0.0	0.0	0
0.0	0.0	0
330.3642979704545	260.88289747965104	[]
330.7482074486966	260.5632982394077	[]
0.0	0.0	0
332.1460997943512	260.115360466729	[]
0.0	0.0	0
341.1526200852272	253.4126224526515	[]
0.0	0.0	0
0.0	0.0	0
0.0	0.0	0
336.01824263241946	257.08145796380086	[]
0.0	0.0	0
352.34490156905946	245.7335520773899	[]
0.0	0.0	0
344.8641342345928	258.69284602244414	[]
344.7191660923406	255.15880325281555	[]
354.18395275764493	256.1347907160735	[]
348.7950303183583	258.4798600258189	[]
351.5803238439015	258.7497583758806	[]
355.78301229698684	252.7767969206864	[]
0.0	0.0	0
0.0	0.0	0
360.15390482008695	253.94868536575723	[]
0.0	0.0	0
0.0	0.0	0
0.0	0.0	0
0.0	0.0	0
0.0	0.0	0
369.3934104389616	255.36195152223817	[]
368.6658369804441	260.6545454104519	[]
370.0959465708622	261.1066722618654	[]
372.1163346663547	260.64412915424543	[]
0.0	0.0	0
374.7938823440749	261.8567026095066	[]
376.2650475133976	262.3099349732047	[]
378.26327922661824	262.4641685184226	[]
378.37066681107837	260.8558720217644	[]
381.54191324295584	263.85421520999466	[]
386.16848006361073	265.60807173082384	[]
386.45310216451514	258.0769388501951	[]
389.7168900682885	264.7207953179684	[]
392.0852160531485	265.38336168274935	[]
394.5340566714512	265.7484060766403	[]
396.31363762256643	266.1462687238823	[]
398.3395908928804	266.69088595991144	[]
400.37444041270663	266.7381517350171	[]
402.44118133630093	266.93596618399226	[]
405.30923990444063	266.5522078639685	[(328.10408239819003, 243.07555047259928)]
407.2840881242968	267.1275920170109	[]
408.91608596629663	267.6237673001649	[]
0.0	0.0	0
415.1572452740892	268.97234004199294	[]
417.26040550318294	269.70089943067404	[]
419.16013139330516	270.0200308361643	[]
421.2406407597788	270.5918365183061	[]
423.19105129510217	270.9928073658938	[]
425.04950383903616	271.7615188635426	[]
426.9132960389834	272.2378133381546	[]
428.71013988211405	272.7948746965188	[(332.91565625850336, 244.46790115646255)]
430.30720815135754	273.20472403812823	[]
432.3121514354291	273.50856871677786	[]
434.12640813193224	273.96456341506126	[]
436.2616786593056	274.2918495573997	[]
438.5043035762406	274.9347998282569	[]
440.33162105130964	275.40799947494315	[]
442.2649955114112	275.8868553193476	[]
0.0	0.0	0
446.04535436047337	277.80755788725696	[]
0.0	0.0	0
449.9417611950565	279.1600426454471	[(333.8921326232052, 246.60458896779198)]
0.0	0.0	0
453.14374066857	280.28989817511297	[]
0.0	0.0	0
456.95574141486804	281.90926659472416	[]
460.4279932400881	284.3240914744847	[]
0.0	0.0	0
463.47323171635577	286.1929164473491	[]
464.7277147323582	286.84422628010043	[]
465.997342938213	287.660675777646	[]
467.1579256426106	288.1520171497728	[]
468.20572628441505	288.8509818682856	[]
469.01555637626734	289.79660531856297	[]
469.8403224212648	290.7853211615016	[]
470.78433269044166	291.9460589217404	[]
471.34090985781023	292.46865208815757	[]
471.8756497525017	293.0460721801237	[]
472.42748151216506	293.46787777538236	[]
472.77085136159275	293.8802925947334	[]
473.1931709329295	294.4078948593098	[]
473.4465170327327	295.93852233653115	[]
473.0219515741803	300.2936188786835	[]
471.209135091478	304.1619198089686	[]
471.2605351244907	305.2478345561088	[]
471.61858092679006	306.2249334783481	[]
471.65608533879487	306.37815868693053	[]
472.04220312351634	307.23545426576817	[]
472.7459145314784	308.1418014209385	[]
473.09923114823545	308.4574268505974	[]
473.43296925897647	309.1929763842023	[]
473.7999794842844	309.6806121767877	[]
473.6914662257059	310.1476661896671	[]
474.3177857474239	310.67177793056186	[]
474.76622796334317	311.1462568628793	[]
475.22491848078096	311.7074789851535	[]
475.2805655555555	312.155132324159	[]
0.0	0.0	0
476.50032587193283	312.8032596904455	[]
476.9187644556472	313.31353479885934	[]
480.18077129268227	314.5882483676881	[]
483.8143839986267	303.8827825642786	[]
484.74104097180015	317.02765006610156	[]
484.7025075449212	317.1495176571913	[]
484.7687809618089	317.49562830574484	[]
485.43051974713745	317.79584299814974	[]
485.28248254981696	318.0875794726853	[]
485.00368119355187	318.1932031103014	[]
485.30869505594325	318.17659136701	[]
482.54998726239194	301.74753160072754	[]
486.00337477467036	318.6532451481052	[]
485.61992955671803	318.6096350668016	[]
486.9109496350775	305.17877376497063	[]
486.1364702561951	318.61719968507015	[]
486.5971906801816	318.44819322809343	[]
486.3501026393801	318.2821951664701	[]
0.0	0.0	0
486.19783870928825	301.9735166791761	[]
486.45332521431396	317.79127323537733	[]
487.4493683495776	304.29131116959064	[]
0.0	0.0	0
0.0	0.0	0
485.932678201586	298.0830491404451	[]
486.42532013094416	317.12920251091197	[]
486.87654168067456	317.2186476885417	[]
486.53090741364343	317.0221415743794	[]
486.53609839144775	317.22756058114504	[]
486.20597253117563	317.3351123722521	[]
486.5727207475573	317.6514528538968	[]
486.1236209914721	318.4662000249806	[]
0.0	0.0	0
0.0	0.0	0
487.12860204287773	306.7960520531849	[]
486.47557190796476	320.57640706294484	[]
486.47735248562975	320.94741219878335	[]
484.8409315262778	321.55943404607626	[]
484.9791582072183	344.7902515972591	[]
484.1936902657354	324.3982157178548	[]
479.311042049057	328.72258896563693	[]
473.7298685858586	334.32316151515147	[]
472.3465520361641	337.3089232113658	[]
472.3025092664906	338.51538702381896	[]
471.03787593412505	339.0944055185693	[]
470.4827166860308	340.1217893556021	[]
469.8560994579045	340.82592902330975	[]
469.16299116298114	341.38180088179087	[]
468.75118947039726	341.6117801600807	[]
468.22708008100903	341.8599567188604	[]
467.5961973638344	342.05711784313723	[]
467.194909670074	342.25694655687164	[]
466.4300646448087	342.53755098360654	[]
466.21120261070354	342.81190894050525	[]
465.641335695581	342.95704764320783	[]
465.33418426215275	343.3138392100694	[]
464.94803168021673	343.47792327913277	[]
464.5329273082637	343.59630359483475	[]
463.92556250846906	344.2184592122385	[]
463.061034894924	344.81324418471814	[]
462.66875393007444	345.6126947955109	[]
462.28256732774815	346.4377684447666	[]
461.7994174074073	347.27025915824913	[]
461.2900550305564	348.3852088849576	[]
462.9988119169329	352.49867879659206	[]
465.2895179695079	357.99546391545385	[]
465.61485733035164	360.7000541720501	[]
464.643686295575	361.93028155685374	[]
0.0	0.0	0
463.85399912425936	363.9895941787733	[]
463.53795202663633	364.71478969581534	[]
464.0016984386385	382.30197392073217	[]
465.38642792274106	380.94692541059214	[]
462.9245247375988	366.93166055781876	[]
462.3980027739863	367.7459219496855	[]
462.2952541411415	368.31289684335815	[]
462.4172835102967	368.78371265967155	[]
462.04460098759614	369.3955980043963	[]
462.2167961223641	369.3822682320556	[]
461.8647070169421	369.7398759183037	[]
462.00839381514703	369.61619485289975	[]
461.63292760270605	369.72353622201564	[]
461.6277259309021	369.63908869481764	[]
461.40912519963354	369.9519401727867	[]
462.262890222138	369.8299733977028	[]
0.0	0.0	0
466.0336029011228	376.81933874562355	[]
465.437369247262	377.1826723476785	[]
465.51856209088703	377.158790517283	[]
464.8178635049541	377.2556509544093	[]
466.84956026455023	370.94421634920633	[]
466.2580698857405	374.3412668541325	[]
468.1333433333333	368.69476006279825	[]
466.55438087990825	374.13417451705357	[]
466.14597246180705	374.80222155245156	[]
466.2392862700069	373.6653962212943	[]
463.83090372843026	374.8895732512197	[]
462.21243669202715	376.41709670153745	[]
465.77054706308274	370.2454910647496	[]
464.79165635137326	371.59922989273525	[]
462.59081704241987	373.8229451293867	[]
464.178947609075	371.4810582111692	[]
464.6130141541778	370.4171104890361	[]
459.9225730030141	374.2403070696995	[]
462.4005821268677	371.7223896033994	[]
0.0	0.0	0
464.0346108158508	365.52460693084686	[]
462.2786200707448	368.1643618518518	[]
457.38737492103076	371.9876027465287	[]
460.4748026332067	370.59781683256006	[]
461.9187726481642	364.60064120362335	[]
456.79919557300747	370.7990210529377	[]
457.88249355263156	369.04510320175433	[]
457.6843127802496	367.70871749399987	[]
457.66597599024436	368.53424882286356	[]
0.0	0.0	0
452.04515316380963	371.8519214815165	[]
455.48919765115943	362.37130511073167	[]
0.0	0.0	0
443.06631474122327	361.60555952346476	[]
439.2374776045909	361.10160200296184	[]
441.7864422153478	354.85493239227173	[]
432.23849537850185	364.452279170579	[]
0.0	0.0	0
438.43396975828404	353.8659373524138	[]
437.3420039177575	353.07738229494464	[]
0.0	0.0	0
0.0	0.0	0
0.0	0.0	0
0.0	0.0	0
0.0	0.0	0
0.0	0.0	0
426.4639798419602	351.10742385143294	[]
0.0	0.0	0
0.0	0.0	0
0.0	0.0	0
0.0	0.0	0
0.0	0.0	0
0.0	0.0	0
424.27811452024866	352.37132014395337	[]
420.13773052356555	350.6127162962388	[]
0.0	0.0	0
0.0	0.0	0
0.0	0.0	0
0.0	0.0	0
0.0	0.0	0
0.0	0.0	0
0.0	0.0	0
0.0	0.0	0
404.0301059323664	348.4277316695775	[]
403.41087573851814	348.5274277201685	[]
0.0	0.0	0
0.0	0.0	0
0.0	0.0	0
0.0	0.0	0
0.0	0.0	0
0.0	0.0	0
0.0	0.0	0
0.0	0.0	0
0.0	0.0	0
0.0	0.0	0
0.0	0.0	0
0.0	0.0	0
0.0	0.0	0
0.0	0.0	0
0.0	0.0	0
0.0	0.0	0
376.5510292927802	338.6382840339946	[]
372.66893984157775	339.66128815497353	[]
0.0	0.0	0
0.0	0.0	0
0.0	0.0	0
0.0	0.0	0
0.0	0.0	0
0.0	0.0	0
356.9269090783674	323.24587410212376	[]
0.0	0.0	0
0.0	0.0	0
0.0	0.0	0
0.0	0.0	0
0.0	0.0	0
0.0	0.0	0
0.0	0.0	0
0.0	0.0	0
0.0	0.0	0
0.0	0.0	0
351.88909446400186	323.9095565102065	[]
0.0	0.0	0
0.0	0.0	0
344.4260427763753	314.78558118243376	[]
0.0	0.0	0
0.0	0.0	0
0.0	0.0	0
0.0	0.0	0
0.0	0.0	0
0.0	0.0	0
0.0	0.0	0
0.0	0.0	0
0.0	0.0	0
326.8727026790481	311.6487860549781	[]
0.0	0.0	0
0.0	0.0	0
0.0	0.0	0
0.0	0.0	0
0.0	0.0	0
0.0	0.0	0
0.0	0.0	0
0.0	0.0	0
0.0	0.0	0
0.0	0.0	0
327.2074972321188	311.3523790834005	[]
0.0	0.0	0
339.7018203517027	301.50276141558334	[]
0.0	0.0	0
0.0	0.0	0
0.0	0.0	0
0.0	0.0	0
0.0	0.0	0
329.1521661546068	301.61082731802736	[]
0.0	0.0	0
336.1952304061416	302.22210014363543	[]
0.0	0.0	0
0.0	0.0	0
0.0	0.0	0
323.9023213598673	311.92395796849087	[]
0.0	0.0	0
0.0	0.0	0
332.1457243528637	300.67135362734723	[]
0.0	0.0	0
0.0	0.0	0
0.0	0.0	0
0.0	0.0	0
333.5602069774155	303.7889870273876	[]
328.66507173632056	306.53654891421104	[]
340.3530376308054	316.0084168195179	[]
0.0	0.0	0
0.0	0.0	0
0.0	0.0	0
0.0	0.0	0
0.0	0.0	0
0.0	0.0	0
0.0	0.0	0
0.0	0.0	0
0.0	0.0	0
333.4186463073877	312.22242471765037	[]
0.0	0.0	0
0.0	0.0	0
0.0	0.0	0
335.68965170946325	329.27952467099135	[]
0.0	0.0	0
345.92903473035653	323.27409292780095	[]
0.0	0.0	0
0.0	0.0	0
0.0	0.0	0
0.0	0.0	0
339.80118468399655	331.53801973692435	[]
0.0	0.0	0
0.0	0.0	0
339.38323083766005	329.2544016580131	[]
0.0	0.0	0
0.0	0.0	0
0.0	0.0	0
0.0	0.0	0
0.0	0.0	0
0.0	0.0	0
341.17727499782495	334.22277268438324	[]
0.0	0.0	0
0.0	0.0	0
0.0	0.0	0
339.688741030029	346.2806579388655	[]
0.0	0.0	0
0.0	0.0	0
0.0	0.0	0
0.0	0.0	0
0.0	0.0	0
0.0	0.0	0
0.0	0.0	0
0.0	0.0	0
0.0	0.0	0
0.0	0.0	0
0.0	0.0	0
342.2058137859133	328.8233020149899	[]
0.0	0.0	0
0.0	0.0	0
0.0	0.0	0
0.0	0.0	0
0.0	0.0	0
0.0	0.0	0
0.0	0.0	0
0.0	0.0	0
0.0	0.0	0
348.4775442039801	337.4191642288557	[]
0.0	0.0	0
0.0	0.0	0
0.0	0.0	0
0.0	0.0	0
0.0	0.0	0
0.0	0.0	0
0.0	0.0	0
0.0	0.0	0
0.0	0.0	0
357.3256847539705	325.275894244373	[]
0.0	0.0	0
0.0	0.0	0
0.0	0.0	0
0.0	0.0	0
0.0	0.0	0
366.7944077591036	324.45999707175173	[]
0.0	0.0	0
0.0	0.0	0
0.0	0.0	0
0.0	0.0	0
0.0	0.0	0
0.0	0.0	0
0.0	0.0	0
0.0	0.0	0
0.0	0.0	0
0.0	0.0	0
0.0	0.0	0
0.0	0.0	0
0.0	0.0	0
0.0	0.0	0
0.0	0.0	0
0.0	0.0	0
0.0	0.0	0
0.0	0.0	0
0.0	0.0	0
0.0	0.0	0
386.8677509022593	342.2699240118757	[]
0.0	0.0	0
0.0	0.0	0
0.0	0.0	0
0.0	0.0	0
394.6136811611596	343.0929373472613	[]
0.0	0.0	0
396.5602007934585	345.1887340056531	[]
0.0	0.0	0
0.0	0.0	0
0.0	0.0	0
403.2730497621701	343.0698957302118	[]
406.48882431767333	342.9976796495152	[]
0.0	0.0	0
0.0	0.0	0
0.0	0.0	0
0.0	0.0	0
420.16492349083165	349.35670943093635	[]
0.0	0.0	0
0.0	0.0	0
0.0	0.0	0
0.0	0.0	0
427.930421978166	353.51624822157163	[]
422.44609292583533	346.03581888345553	[]
0.0	0.0	0
425.55641394088667	350.1139125725232	[]
428.06339764374405	347.78692450572424	[]
0.0	0.0	0
0.0	0.0	0
439.64549750238496	354.75635420912033	[]
440.94577875671985	352.84851392048876	[]
442.4946180798326	354.3874503133215	[]
447.3078803703703	363.4853605291005	[]
446.06481419465837	355.76941302583424	[]
448.71514078842773	360.8466994660627	[]
450.8821160965954	355.0596563446819	[]
455.43538264446653	366.3346709138179	[]
454.2640097660613	359.57076182033506	[]
454.5009838678786	355.8408096537358	[]
0.0	0.0	0
458.8854695336076	355.5515822274981	[]
460.0171564646464	353.3920049494949	[]
460.73076385722277	355.24180923788197	[]
461.3057432951325	361.49308611498424	[]
463.7767315395316	353.57408836772544	[]
463.86167142072446	360.24490292106395	[]
465.84941402063686	358.8810513330961	[]
473.6766551444596	359.81348420596095	[]
0.0	0.0	0
470.34880978177847	354.6458092362247	[]
467.0386404314448	355.9611646138492	[]
475.7195617774343	351.59040155074695	[]
477.56928000625567	348.5439443631201	[]
477.46027124669587	350.6042905450766	[]
478.2641844988575	346.6833774887522	[]
476.5758693125499	357.8022482094324	[]
480.85901400863395	349.28189919724525	[]
482.987622421517	353.5901451886418	[]
485.1351459260234	354.6874825660609	[]
0.0	0.0	0
492.9821063541666	356.50116411931816	[]
493.0083215649489	351.2721807696773	[]
490.95007060606054	361.5388844588744	[]
494.1182691460897	352.75622438599385	[]
494.8913488794658	351.7033996023476	[]
495.53366112709057	351.6379405701435	[]
495.8585056709956	351.8094526406926	[]
496.2769334963738	352.134368471018	[]
496.8204279006252	352.14879797850165	[]
497.1044961805954	351.95812804587325	[]
497.1236993794782	352.3442432697042	[]
497.647441693989	351.76055644808736	[]
498.1666492769104	351.84961284853455	[]
498.4608477366798	352.191473011889	[]
498.6585956842952	353.8998173217726	[]
499.13849975011624	351.52066029969615	[]
498.56307306306303	352.7144414125446	[]
499.61540342900514	353.6796238752828	[]
499.83044649454376	352.72475406569913	[]
500.2664315895813	352.68292014790114	[]
500.7134872345931	352.1509641279185	[]
498.8679629411765	355.7715550980392	[]
500.7525784931507	352.2254951598173	[]
501.39015272003957	356.0236006009102	[]
501.08882239242683	353.4919204991394	[]
501.55871184793597	356.5597538019061	[]
501.4392891258691	353.0851526138782	[]
499.9522731806225	364.96495327326966	[]
498.1615625832677	357.3109856097561	[]
500.4840655504005	356.31599156567995	[]
501.39749005280976	353.33342943631243	[]
499.8820136873847	356.76651729664695	[]
500.0747682979247	356.27785962128206	[]
499.786766943686	362.95519910851436	[]
499.5414110364239	363.3738682559743	[]
501.53351508324323	351.8889542920856	[]
500.98894251394097	352.6876166917036	[]
501.3311568892864	352.7824730150211	[]
501.2073243495254	351.98189163037404	[]
499.41225992305317	355.7930540135426	[]
499.04309367734743	358.1560286095275	[]
500.7304267387169	352.7999408317482	[]
498.77012813330856	355.1259777369606	[]
500.5218156397379	352.48189876381787	[]
498.96990464657597	354.54086507779	[]
500.09484109483105	352.63083155939296	[]
500.23746716051454	350.6181065222765	[]
499.32822824381924	353.98292925465836	[]
498.3349101911566	354.60140136974707	[]
499.87335824757633	352.8266468381804	[]
498.24143394822	355.6755439805825	[]
498.2967839880895	354.7779788544951	[]
498.3318444737699	355.6791563017269	[]
500.38747762129276	350.9905801562909	[]
499.99787039047874	351.6322943303319	[]
498.3293675853957	354.89567974787127	[]
500.31016761821365	349.53900591360184	[]
500.3181467690783	350.37217566057	[]
500.3707132195593	350.2960037061244	[]
499.50207446046704	350.0725126190916	[]
498.4438954229556	352.5374756201784	[]
500.4809271775453	348.32447808510636	[]
501.015378790464	347.4199289205542	[]
501.20811810810807	346.376076066066	[]
501.274295368217	346.13942375968986	[]
501.5882990289577	345.313703249292	[]
501.53998346416114	345.2897134774291	[]
502.0968753096312	344.2704960151668	[]
502.31893665692	342.77455922027286	[]
502.7010806902403	342.2753038998426	[]
502.94961089103396	341.5034751321081	[]
503.1834167960861	340.88337615711646	[]
503.4694549635582	340.0091048732324	[]
503.921604393342	339.21864462862146	[]
504.21701622789715	338.32448657496946	[]
504.50947790380604	337.098444639904	[]
504.8929868000505	336.1145874069157	[]
505.1485176283819	335.1717041034668	[]
505.5652108737772	334.5056610589799	[]
511.01383381284677	329.2685442106137	[]
512.3397256654172	326.0441122523891	[]
512.511611241063	324.11949603804123	[]
512.9135516666666	322.6853930645161	[]
513.3901446801347	321.40182818181813	[]
513.8057557376828	320.2993790428245	[]
514.0743437058484	319.3647362013613	[]
514.2880628723944	318.24396865107605	[]
514.6028940253631	317.0950532944705	[]
514.749864983451	316.01744610741457	[]
514.8021607585875	315.11580163669987	[]
515.0000441495065	314.5062422849434	[]
515.1760384269509	314.0344161773951	[]
515.2752584007077	313.6679697114468	[]
515.3450040506543	313.4096649379568	[]
515.157443103779	313.15641524891214	[]
515.0007242857142	313.04895557823124	[]
514.9261929438377	313.112266352689	[]
514.7832753061224	313.2976970748299	[]
514.6154440401068	313.5260321162625	[]
514.541849103664	313.82730383264357	[]
514.4262439145919	314.0353894980344	[]
514.1704335317901	314.30564698237805	[]
513.7719592178339	315.31719755233974	[]
511.17453830188674	320.2376934381551	[]
508.82786662126546	323.52094850207953	[]
508.2230466492146	324.18331953514195	[]
507.58417315587894	324.53945848716967	[]
507.03403791053336	324.8640576645638	[]
506.68948301828294	325.0092147826912	[]
506.1125821313026	325.3207302093778	[]
505.5442827957799	325.54321522481786	[]
505.06166069822774	325.69751767111273	[]
504.35189817284635	325.74827437533077	[]
503.81191718942125	325.7706405805295	[]
502.998220870504	325.8286237331112	[]
502.3577910415518	325.98174306407196	[]
501.6793077949047	325.90235578095843	[]
499.6230862307623	325.6387163870638	[]
498.61122001720963	325.4864203020592	[]
497.9024747887324	325.3275628169014	[]
496.57113302598805	325.2302991799244	[]
496.0062806845497	325.11659828310974	[]
494.63356735940175	324.834812595211	[]
493.72882454376486	324.6895029430214	[]
492.9801796469509	324.27210422283355	[]
491.8506598951782	324.11033844164916	[]
490.75622393697284	323.94283623169105	[]
489.0253317800959	323.65077694428084	[]
488.02947468735937	323.1782601124606	[]
487.0255074084601	322.72438719444904	[]
485.9450493173833	322.37698284033235	[]
484.9790199991736	322.3964235195438	[]
483.895819430148	322.45231290116374	[]
482.8040607564665	321.9717848495201	[]
481.5874792009855	321.61891450274817	[]
480.5526719903786	320.94115327178906	[]
479.3404400560827	320.32010674932883	[]
477.8438230107184	319.9429156563727	[]
476.4478449545026	319.9174349555485	[]
474.93668731131703	320.0120566287613	[]
473.4222511259763	319.9594872252726	[]
471.76135639615313	319.7166393810589	[]
469.5525406748466	319.3433126584867	[]
463.4187980153187	319.3276864035943	[]
0.0	0.0	0
453.94957189341466	320.9487031268151	[]
452.238286772811	321.0051926381621	[]
450.36232239027765	321.07923260959865	[]
449.2342548299519	320.7419241428991	[]
447.7061817676	320.6164149875792	[]
446.1024831571962	320.31650173603566	[]
444.67939473352044	320.4353518280421	[]
442.6724271117847	320.45198536210955	[]
436.2417213231385	301.6719047414281	[]
0.0	0.0	0
438.4641672036076	319.9405446044207	[]
436.53088637704644	319.36402005332013	[]
434.48381340354626	319.25406212424133	[]
432.93255395407243	318.8212036371247	[]
431.8361181591687	318.23293006140034	[]
430.41647003070017	317.935988273704	[]
429.02488279611873	317.580414685836	[]
425.4096429145109	316.45490036708543	[]
426.08122525019854	303.6576417182949	[]
422.40755612290184	308.7694925912054	[]
0.0	0.0	0
421.09978043158856	314.7805655555555	[]
0.0	0.0	0
416.08255948757545	312.9903464687163	[]
0.0	0.0	0
0.0	0.0	0
410.26386014853614	310.43536841440454	[]
408.90118459231377	308.9571316786406	[]
406.76789664810656	308.2277549582399	[]
0.0	0.0	0
402.9492096744438	306.93720479110146	[]
401.0688836681887	306.2498533163219	[]
401.74015042603827	304.86767630965124	[]
0.0	0.0	0
394.19780557392573	293.13256259909866	[]
393.6170423928944	298.9221863085399	[]
392.1684608180165	300.5991931055454	[]
0.0	0.0	0
0.0	0.0	0
385.9591188737276	297.60430224349204	[]
0.0	0.0	0
382.28432372549014	295.80351670334943	[]
379.73064454890147	294.64965871194374	[]
379.1946914284163	294.87900706935847	[]
0.0	0.0	0
0.0	0.0	0
371.60091376653537	286.42914763506	[]
375.25025345116364	290.19649943421945	[]
369.24245671908216	286.81845929041185	[]
369.044067698338	291.20117023831915	[]
368.03513564171845	290.47398099882906	[]
364.93543106497765	290.29430978888104	[]
365.74415232964077	289.8000323788743	[]
364.1685721445979	289.451878399675	[]
357.8573628995956	282.14098887861564	[]
0.0	0.0	0
0.0	0.0	0
0.0	0.0	0
358.26145704648724	286.9592783210998	[]
356.0167058552247	287.2963322416812	[]
356.1961080728868	285.4904936863194	[]
353.7718522717368	285.34468327382206	[]
0.0	0.0	0
353.2973053685863	285.1017726489688	[]
0.0	0.0	0
0.0	0.0	0
349.04450860724234	282.7319505756731	[]
348.4344859486528	282.29847710866596	[]
0.0	0.0	0
340.9748100892032	291.1251175217433	[]
341.34292283367796	281.21028359813636	[]
0.0	0.0	0
0.0	0.0	0
0.0	0.0	0
334.63094565608316	277.8145646501826	[]
335.60463099517824	278.8984606938835	[]
333.0701047800254	277.3070076894421	[]
0.0	0.0	0
0.0	0.0	0
0.0	0.0	0
330.85036585112584	275.71523576128806	[]
338.05632020004936	260.2026937902362	[]
337.99331632376254	274.3092402272327	[]
0.0	0.0	0
330.11358881791216	276.3765563358171	[]
0.0	0.0	0
330.1889021742558	276.8833137650305	[]
330.1515049674363	277.22297230511145	[]
330.9813337221494	280.2121932678025	[]
329.5199460846877	274.08904203255685	[]
0.0	0.0	0
0.0	0.0	0
327.15328098422515	274.98979037175064	[]
0.0	0.0	0
327.40750408983445	274.8800809219858	[]
0.0	0.0	0
0.0	0.0	0
0.0	0.0	0
0.0	0.0	0
330.8197284507288	273.48161928162426	[]
334.16517956920256	266.5798144607393	[]
332.98201887454616	271.55587930213795	[]
337.0914637682183	265.14390578915476	[]
0.0	0.0	0
0.0	0.0	0
329.8274000678188	273.89427092029456	[]
0.0	0.0	0
332.70929155339803	273.31682553398053	[]
334.64027007357345	269.4885034553854	[]
333.85605348294047	271.7055045646324	[]
332.39276832081583	271.5745218191161	[]
0.0	0.0	0
0.0	0.0	0
324.2738468492002	284.7572147946952	[]
336.2065020618869	262.84236008595406	[]
0.0	0.0	0
0.0	0.0	0
0.0	0.0	0
335.0803101670637	267.5344497885684	[]
0.0	0.0	0
0.0	0.0	0
0.0	0.0	0
0.0	0.0	0
341.67712640211636	251.83493063492062	[]
0.0	0.0	0
0.0	0.0	0
335.70226646670335	262.60508901564583	[]
0.0	0.0	0
344.1799312598425	258.0131005511811	[]
343.1397408059367	254.24491736170071	[]
339.8124489262516	256.93893625165254	[]
0.0	0.0	0
0.0	0.0	0
337.24646589258003	256.1901613935697	[]
340.93860961959103	253.40856325725153	[]
340.20375199901525	261.4813820663055	[]
336.79179708061537	252.91273396994467	[]
336.3973096042523	253.36947793926694	[]
336.6526638948783	251.49348190982184	[]
0.0	0.0	0
336.8910950634592	249.9600702671161	[]
0.0	0.0	0
335.90198362040536	246.65266250703132	[]
342.4435247646568	242.02571516691108	[]
338.7428304139349	244.82134950379225	[]
339.82319698656215	239.44171610956965	[]
337.0368712788802	241.89541791870386	[]
337.0316312186793	241.7690188010388	[]
337.740150777167	240.800559609488	[]
338.23611411418966	239.74567390788053	[]
344.1704566203587	236.76233320696292	[]
338.65345562817924	237.38068472886073	[]
0.0	0.0	0
345.67672921407353	233.868213107151	[]
343.6208478088077	232.57843408218346	[]
347.6449911365594	231.05746180168137	[]
346.7852033514247	231.47151610583447	[]
342.39383770652114	233.34771750405426	[]
343.00676442488776	232.54502306512842	[]
342.5786535786435	231.88557998557	[]
342.48192649359015	231.12789560242544	[]
0.0	0.0	0
345.46291779085357	230.62375000695167	[]
345.1376440947238	229.87293320416453	[]
345.81605061409283	229.31562348270725	[]
346.75717628723896	229.19263686347946	[]
347.5116243595718	229.27928862326755	[]
349.0144126832395	229.09592101903914	[]
352.68097372782626	230.2008837092931	[]
351.5833004190882	229.58388895730644	[]
352.91933814622695	230.2513129517105	[]
353.618840787309	230.1741923345084	[]
356.32600107711914	230.18759444869343	[]
358.841534441635	231.95910713442896	[]
357.1209832861913	231.77431760164998	[]
357.60736104021845	232.0323506746177	[]
362.15703934466205	233.24381457871135	[]
361.4898260066631	233.68093678125237	[]
364.76980009102243	233.898107285248	[]
365.5996674440052	234.3402471541502	[]
366.6188921314798	234.4914140491799	[]
367.99431491037444	235.03223843345666	[]
368.62233699541395	235.38510300767763	[]
369.50418984926813	235.42710056768783	[]
370.96956042092063	235.84410303753742	[]
372.06118803524384	236.15817261285451	[]
374.4531158157307	236.8827682750758	[]
375.4460526293039	237.30611622546826	[]
376.85308001262155	237.67197277872646	[]
378.2342807106399	238.01853669807616	[]
379.9433672114319	238.40470684661398	[]
381.39040655762545	238.97939976089188	[]
382.4035505059932	239.46907880833515	[]
384.0422614831428	240.14774549413977	[]
385.64315825469885	240.7886799271193	[]
387.3372337338297	241.207060455869	[]
389.3793459702744	242.066892416397	[]
393.0078559514412	243.6772256440617	[]
0.0	0.0	0
396.9795198821878	245.8051482538646	[]
399.1254701891287	246.52187048749968	[]
401.38639054775444	247.18567525047405	[]
403.42193072359663	247.64624086410797	[]
405.39247807589635	248.17912165620567	[]
337.4292337442922	233.9787010197869	[(407.3785698293705, 248.78606879929228)]
409.36917126211466	249.4751490609439	[]
411.0233037000024	250.18594624626158	[]
412.6761873054807	250.63780508455247	[]
414.7406422470401	251.17767385939217	[]
416.0940226951449	251.49739989780164	[]
418.06383873529114	251.8374469623257	[]
419.52864807822107	252.19757303355172	[]
421.30690144778094	253.03523239783246	[]
422.6982098851521	253.59584551793873	[]
423.87399618203665	254.41041853109041	[]
425.64512934615027	247.1907161700876	[]
426.70211409745286	255.63589543239706	[]
429.25001	245.61748400109468	[]
430.06252871817907	257.37165320654884	[]
0.0	0.0	0
437.46339138567964	249.82637403912346	[]
434.19939074209424	259.2079689868534	[]
437.2493658124126	260.58866248226946	[]
437.2796359389851	260.1779189376054	[]
438.481092338347	260.42674282679485	[]
439.93223446758896	261.22838970879315	[]
0.0	0.0	0
442.6858689054097	262.1542069840767	[]
444.1252965386135	262.91993727847597	[]
445.3234144812572	263.4579052957417	[]
446.5171553576259	263.8442564263929	[]
447.99798705555105	264.51253362319994	[]
449.4978992871366	265.3604772773131	[]
453.2203323726627	267.49881077369434	[]
453.69210539121104	267.2341203965702	[]
455.9739073189716	268.2673790279634	[]
457.19172245785876	269.075293374479	[]
459.5465832087227	270.3388729283489	[]
460.1279624973069	271.0196363892173	[]
467.5689972279186	257.07030141932	[]
465.22475346368145	274.04491331039	[(345.28454553367044, 245.99690468547598)]
464.73917419029254	273.59093977806333	[]
466.88488187565633	275.10185310018903	[]
469.18256933952523	276.13721330237354	[]
470.9078703411237	277.00787810570176	[]
473.4327617408653	278.4212342130245	[]
475.4170892403405	279.4812149770792	[]
0.0	0.0	0
485.50108967746337	285.18975989749896	[]
486.4564738059498	285.5571971430902	[]
487.4877341907261	285.9263824846894	[]
488.8946907638718	286.82945020981884	[]
490.11033785978873	287.4903621866534	[]
491.31914779321363	288.03537481159896	[]
492.4369401756726	288.45094951523237	[]
493.225492860864	288.49905397705544	[]
493.9374474374374	288.8744399855411	[]
494.7677299452406	289.63359757298906	[]
495.5923561365678	290.12981121293797	[]
496.662360119904	290.71331229933696	[]
497.8824314533265	290.95024010056244	[]
499.2031671722718	291.12335134065427	[]
501.46540682539677	291.6860994660894	[]
502.751069260549	292.1225069528121	[]
504.0386489348185	292.5803192275113	[]
504.8185298300283	293.1627519735599	[]
506.0724507596871	293.8966407990827	[]
507.272991650025	294.12189153515357	[]
508.0619482397437	294.31076909940373	[]
508.79223947789006	294.47059472731604	[]
509.2921040555455	294.61221082778474	[]
509.8915762650602	294.90878796901893	[]
510.98609700946804	295.70278346485213	[]
511.54414119587244	295.94992093913146	[]
512.0933237847826	296.1201419527169	[]
512.3332196130648	296.22109811976117	[]
512.7975958002854	296.4407721175448	[]
513.1822238719272	296.70525502896504	[]
513.6366757261982	297.0425505185115	[]
514.2588023025879	297.5427470682845	[]
516.9360421785389	300.0035457467237	[]
519.221912493881	302.02620567374476	[]
519.5073968882732	302.33090302202874	[]
520.1986236226643	302.6998626555488	[]
520.7082135306334	302.9974306947375	[]
521.2527079630378	303.14398005261023	[]
521.63400091587	303.272567792692	[]
522.1658953105041	303.3592300027177	[]
522.3449684572777	303.1811567842855	[]
522.6534499671895	303.0754056047711	[]
522.840793090783	302.89890119889117	[]
523.0553915093288	302.714539379003	[]
523.489973631277	302.4240553210239	[]
523.7346737102735	302.1583882071587	[]
524.0140179743128	301.9840613743339	[]
524.486283667633	301.72609182111023	[]
524.8415271376383	301.307305583969	[]
525.0203549641712	301.05719195239635	[]
525.2398134753079	300.8656217914815	[]
525.3340322633162	300.531791427898	[]
525.7813636828135	300.2926812379267	[]
526.157730344599	299.7069903401811	[]
526.3762413668636	299.53311285862975	[]
526.9138525977705	299.3939629508257	[]
530.4668344575936	278.62391532544376	[]
529.8554749582605	274.7387985847408	[]
530.6270542450374	298.82244716738523	[]
532.3564089817172	278.29438630178197	[]
532.32779830631	280.19219080999505	[]
531.1507073089765	297.5212042643881	[]
531.5487267205524	297.18493795274014	[]
531.5981769655309	297.16020127316193	[]
531.892477967908	297.0958069105496	[]
531.6005656226597	296.6978801131376	[]
531.6867685380467	296.26819454164166	[]
532.3429632458794	279.9089235553313	[]
531.1991053375086	278.4540113917884	[]
528.0712514134975	277.8646088244458	[]
531.7069528937683	294.1220378708183	[]
531.226753709532	293.60573903860336	[]
531.5544815447154	292.7470602397331	[]
529.8012398788208	279.4717047006692	[]
531.464306147907	291.53755016944194	[]
531.7207873170832	290.62161237885823	[]
531.642622988986	289.6731753795838	[]
530.1715578602566	276.5488526352305	[]
531.9373852812804	287.98663590752767	[]
532.0538803153909	286.8067739086098	[]
530.4666648526197	275.20061251639197	[]
537.277257122214	309.05805555473916	[(528.9456884693204, 269.10205530459643)]
538.8693059170774	308.45330288332696	[(530.1245723733185, 272.6059310122228)]
538.9611917700053	308.02253252252245	[(530.9392665729828, 272.0327691417346)]
529.9654561062403	272.9597257756002	[]
532.2132873917224	281.49098504479696	[]
532.070430677832	280.28098938370914	[]
529.7399468587214	266.5322383609576	[]
533.3303061275626	276.9185414216803	[]
534.2244513407821	274.27156493482306	[]
534.2714886264891	272.7133480051389	[]
534.4288200208769	271.7284256808165	[]
534.4114264904862	269.95594140709414	[]
534.4273291768621	268.99419740917824	[]
534.4475089372254	268.1177654201502	[]
534.3753429528158	267.0581340487062	[]
534.4920916093594	266.1531940015218	[]
534.4156543931304	265.220340013951	[]
534.4615373775216	264.3737371853986	[]
534.3723858505863	263.3677528695526	[]
534.371186926055	262.3080336159504	[]
534.2714831402943	261.22224847128786	[]
534.3059054933955	260.3895302020202	[]
534.1207850797155	259.27840097375514	[]
534.2051989119068	258.41507362829236	[]
533.8335164549636	257.18985023346687	[]
533.844490455706	256.614034749558	[]
533.5734533608402	255.22481620155037	[]
532.9780348057228	252.42968423189748	[]
533.3291672327043	251.883582327044	[]
534.3524027905531	247.66341377045782	[]
534.6921482126927	244.8002679397066	[]
534.7619223760793	243.12659565184947	[]
534.8885477159713	242.24600662873996	[]
534.9191380998262	241.61965934449535	[]
535.0360786722318	240.8328445671234	[]
535.0117592787831	240.16623082349855	[]
535.0879765883581	239.69679935003916	[]
534.9849871055203	238.9187217353501	[]
534.6243159839605	237.28841222085134	[]
534.4408951748684	236.16812100794388	[]
534.3917865709852	235.7188618231187	[]
534.1978245424835	235.04637437908494	[]
534.0972767582837	234.5611134763577	[]
533.9938681797878	234.03919582813054	[]
533.8648707517881	233.39629671435094	[]
533.6640075827164	232.8127208828121	[]
533.5570661456752	232.1322811178553	[]
533.4615291273311	231.63485642839188	[]
533.4826903811828	231.23966108657288	[]
533.3638241073845	230.73069631874466	[]
533.1453091452992	230.3470885225171	[]
532.8900289450593	229.6096420670057	[]
532.7660762001885	229.52062932410303	[]
532.3938864406192	229.2424297457585	[]
532.2401744157369	229.28445901154822	[]
531.8890300708382	228.91052751279022	[]
531.5940616438826	229.00098995982162	[]
531.3330516180474	229.10249930377284	[]
531.0071155684454	228.92489399071926	[]
530.6297036521655	228.69236570920964	[]
530.2934908641088	228.6300813704076	[]
531.7485775766767	229.89567180364966	[]
535.0045417220543	232.29079549848942	[]
534.856614708798	232.63535076827756	[]
534.1814347507901	232.41989815949427	[]
533.62748386336	232.2165915706297	[]
533.3065916794629	232.08224477715	[]
532.3535409921319	231.61654233544422	[]
532.0598902395209	231.41384898868927	[]
531.52628350912	231.32861788205273	[]
530.9752526501618	230.90702927134618	[]
530.5348991700641	230.77680366418295	[]
530.065586824554	230.66597804992782	[]
529.4224329789205	230.41946795691453	[]
528.7690207050572	230.02741863787375	[]
528.1911370652123	229.62981348842558	[]
527.4910342391106	229.11259429014032	[]
527.025780155619	228.90981445533325	[]
526.4099487338325	228.4119455570683	[]
525.7349323546406	228.09146901047308	[]
525.1883240213779	227.90520177220876	[]
524.8111793783335	227.88069665680604	[]
524.1210276892572	227.3245209833801	[]
523.3918345707676	226.7337525495952	[]
522.116935234464	225.96008537908668	[]
521.2920918038805	225.64495843558817	[]
520.5300488867042	225.52506789312707	[]
519.5987125819478	225.09491054560294	[]
518.7179719366757	224.80367885767063	[]
517.5899141533546	224.2691473801917	[]
516.5027408522799	223.8837053300309	[]
515.3702354753491	223.2366749840148	[]
514.1556295965418	222.63886060351666	[]
513.0953368704946	222.22430364487528	[]
512.0208201537066	221.6280645596901	[]
510.62396155681023	220.87444230637044	[]
509.5234944791158	220.39071372176173	[]
510.90959712960677	221.27112548879586	[]
512.9023462536503	222.68620107217353	[]
511.9005933538739	222.44717950127352	[]
510.2989578776152	221.9180976365542	[]
509.0037974257464	221.18332140613163	[]
507.47013298809657	220.315587174042	[]
505.92712996873775	219.67851722938647	[]
504.3712088815099	218.7377862243194	[]
502.6123491745886	217.84775558088037	[]
500.7233403112722	217.15983925355093	[]
498.8174145574513	216.3768361402922	[]
496.9041135283707	215.66184681746117	[]
495.1549829866927	215.09885332281806	[]
493.1311021955248	214.2005631013181	[]
491.218230338983	213.4964436158192	[]
489.25828466638643	212.7446424121747	[]
487.144179246646	211.95594395252837	[]
485.174721705276	211.20632356941184	[]
483.3749723229177	210.75566156234302	[]
481.2645455570997	209.86195116284455	[]
479.27250039150533	209.26022106116866	[]
477.49617450718745	208.7726200689744	[]
475.34594115734546	208.0115261926576	[]
473.3767147781032	207.38792772969225	[]
471.42439415965066	206.74962022762705	[]
469.44022369896845	206.11742090729416	[]
467.2679484878779	205.34936338897552	[]
465.27963489343557	204.73259433808303	[]
463.2975818235364	204.20021435148453	[]
461.21185747935476	203.49248234892522	[]
459.3157635870983	202.86657587216885	[]
457.54338377644916	202.31332692163411	[]
455.58226886618127	201.5318054565389	[]
453.6425764282806	200.82534868248152	[]
344.64083815734983	210.25665596273294	[(451.9303049061662, 200.39474608348465)]
343.5260820155386	212.67519302704318	[(450.06326240913893, 200.05173857510508)]
345.71802868849744	210.893336717936	[(448.4095790532745, 199.78170890283903)]
345.47664047663045	212.7909547909448	[(446.753138170443, 199.29422711193777)]
346.9960696914822	210.99330309188463	[(444.9409926912339, 198.64395193188162)]
443.36743424242417	198.0699186452763	[]
346.3765105167342	210.80738737499004	[(441.65403032250936, 197.4283565871438)]
345.7102025786754	210.3509572365743	[(439.9713037043745, 196.8147638284209)]
438.2485619125683	196.44588431693987	[]
436.5012057171585	196.24931702755586	[]
435.06191669371196	196.12233589587558	[]
344.19544696829075	210.7243719489559	[(433.280953131542, 195.6135580738103)]
343.60099522167485	210.8511320580186	[(431.65699534355247, 195.14291708619064)]
430.082447850842	194.60669270515902	[]
343.2364611916421	210.11664401893566	[(428.6479326743564, 194.11890885720388)]
343.3335045586457	208.71319016928658	[(427.0786213328013, 193.5024840622506)]
343.0597430729166	208.93995140625	[(425.6585446408355, 193.0804001246379)]
424.44358270568137	192.7710184594241	[]
342.30366803534724	208.07728085902176	[(422.9655666178032, 192.24023732101125)]
342.32270503546096	207.6576052498763	[(421.67693674779287, 191.58226297595377)]
342.31992796975135	205.93062608134665	[(420.25955584131026, 191.03112040204212)]
341.6673441677096	206.09479514810178	[(418.7239617153748, 190.66405595510375)]
341.25749194014446	206.26746786033712	[(417.34082502706144, 190.07480040645228)]
341.39602213697435	205.5359441135674	[(415.6288267938931, 189.59630452926208)]
414.437170651549	189.2402687032897	[]
340.5622725215889	204.00432778929186	[(412.98235542259147, 188.68536974862863)]
340.34323888033714	203.3309610720176	[(411.42027206455737, 187.99194032917865)]
339.73339735818473	202.63084018188366	[(409.6575677557755, 187.42295389438942)]
339.5484324146511	204.39704394047973	[(408.25538163775263, 187.0123183452703)]
338.580485922803	201.986800331647	[(406.58087306922033, 186.68969714403028)]
405.0353631332112	186.476321808265	[]
336.0319149108539	200.61892356480033	[(403.3625942756277, 186.27104572755746)]
401.8931617821385	186.10066411827526	[]
335.4463990565278	201.0350130175015	[(400.2922745290581, 185.99600198396794)]
334.28259967629043	200.76699745990084	[(398.64042086705814, 185.8540073717381)]
396.8433731407932	185.56124956067563	[]
395.25384847378496	185.19863921287674	[]
331.597083279714	200.04614494191242	[(393.6664883883374, 185.00111277307082)]
331.0794069849246	200.3790161418202	[(392.05588574749027, 184.86953404145356)]
389.98622919584955	184.62790126675313	[]
388.0025496316197	184.42378095196088	[]
384.74363491930274	183.64502291155586	[]
383.48164232059946	183.32769591675492	[]
381.82285268103516	183.08113226848448	[]
380.1226879974941	182.832635156616	[]
379.1128862312398	182.75625879962683	[]
377.4899923866138	182.2528996961691	[]
376.30894699694693	181.6476647321676	[]
374.8177166138439	181.72965124573565	[]
373.7457247611915	181.59730849669938	[]
372.4942800962845	181.29582841893503	[]
371.59454634506113	180.995867474739	[]
370.62717981132073	180.4962783438155	[]
369.7815024530963	180.13283550430242	[]
368.7793451909707	180.03378522587184	[]
368.03057570635383	179.67911257499787	[]
367.336101679463	179.56993549621794	[]
366.71743030713327	179.0340444602458	[]
365.8559518314019	178.53520086571234	[]
365.12088692219737	177.93784227576745	[]
364.3646391346955	177.58985969968674	[]
363.52083613204286	177.32507625187233	[]
362.67609982070223	177.50442083805922	[]
361.9382837425331	177.33146759385912	[]
361.1444660426815	176.98116286476454	[]
360.38626633852067	176.63800032464883	[]
359.41310274755926	176.35034124128313	[]
358.8062760593319	176.19987568558747	[]
358.1369325364482	176.01511627085895	[]
357.5584088355167	176.09174216885006	[]
357.09129448427336	175.81249169624553	[]
355.8402920445302	175.61916211094533	[]
355.41706535509985	175.4734765141248	[]
354.9543756027433	175.51456200914447	[]
354.17831552367494	175.63130395838851	[]
354.21798362533843	175.5134033827858	[]
354.06714656387663	175.40282938325993	[]
356.55582924255907	172.48647956063152	[]
353.83567095740005	175.3119116249451	[]
353.9993297278911	175.15094167701864	[]
353.95712293985775	175.368944902516	[]
353.8302253194493	175.47156547711495	[]
353.9928018424754	175.71376410220347	[]
354.2612960310421	175.5139789578714	[]
354.043879681241	175.54984724817453	[]
354.2372751387782	175.39631711146504	[]
354.4537569522046	175.6016080729121	[]
354.9140870013771	175.3585514047063	[]
354.40384655004254	175.97777211039627	[]
354.27605899202996	175.94545069385842	[]
354.30465120166633	176.06678228187525	[]
354.1746131746031	175.95148140803332	[]
353.82692744301863	175.8653348959981	[]
353.7537334974592	175.9755955382279	[]
353.63540476757765	175.9764757790236	[]
353.4705655555555	175.957875497076	[]
353.6205858406271	175.98002945009284	[]
353.21964164995006	176.1211314734002	[]
353.1446607825274	176.14101093436113	[]
352.71978331814324	176.1404008509333	[]
352.61413613246543	176.07712027061893	[]
352.4232533064421	176.37803525429675	[]
352.1769892579608	176.6582629944493	[]
352.0887258614994	176.72179965374858	[]
351.8611137992454	176.9125893337428	[]
351.6204894560693	176.97357544165055	[]
351.4075933553268	177.28099882730712	[]
351.04886460495555	177.61694548387098	[]
350.93996677822554	178.01177917236143	[]
350.8757082831739	178.21120592875317	[]
350.701075849029	178.4832338282961	[]
350.63964407459696	178.59007941993175	[]
350.6089334210371	178.77518805638942	[]
350.4217294036886	179.66010663543693	[]
350.90695872924925	182.87813545908622	[]
352.0597828631201	190.6985555269974	[]
351.47959546280515	197.01999864281657	[]
345.46906876235045	200.33653774682415	[]
344.5941392267822	201.72154696643494	[]
344.84279104427355	202.73173018694408	[]
343.833478965007	203.52389350472242	[]
343.7187515242744	204.32592167985797	[]
344.0624231427436	205.2695652908477	[]
349.6221116711873	204.15785408084696	[]
344.15079183172	206.88062553735418	[]
343.49543724040694	207.52324158023782	[]
344.25424644338113	208.38323368421052	[]
343.59631120837014	208.98237565477945	[]
343.232767573549	209.61439670650827	[]
344.8059301268964	211.9018187855297	[]
343.19233729125716	211.02027158064593	[]
343.4338076129706	211.5931697753956	[]
345.07538098051225	213.42105053329246	[]
344.96092378263506	213.95449795790324	[]
0.0	0.0	0
345.056030718614	214.83006204797465	[]
344.5731511304304	213.99750839005299	[]
343.2109369403144	214.20652632638544	[]
345.19786203458665	215.04142436794498	[]
345.1653906777036	216.54589358678552	[]
345.0411957551543	215.2610832958469	[]
343.2595021801394	215.03988657810436	[]
343.72562559835194	215.49112334674712	[]
343.78379830216613	215.32968925294355	[]
343.6155295297686	215.17051625711036	[]
344.44554400644046	215.27215837413138	[]
347.2467679624442	216.71177989314242	[]
344.6193283198503	216.23762630590576	[]
344.26214569321525	215.18334923303834	[]
344.78490479196415	215.08677092544988	[]
345.65605162086905	216.23207565545542	[]
344.05305082199385	214.66676923354623	[]
350.4417876360205	215.34530410201205	[]
345.20754498881735	214.64311253395124	[]
346.1046075405254	215.1102205459288	[]
346.8940844379722	215.62632295763444	[]
345.06523408409197	214.0136881457536	[]
0.0	0.0	0
348.9076825403817	215.04378753303965	[]
350.7326775047725	215.61115215206965	[]
351.2117031797403	215.38863223441214	[]
355.7419902667459	217.46525369081263	[]
355.4612247297943	217.41122472979433	[]
354.85599340286797	217.3439445234024	[]
356.01871875569765	217.61535798285598	[]
368.29744732936206	215.24572854058079	[]
363.15423810333954	218.35202008191555	[]
0.0	0.0	0
362.33520681597525	220.18642728207607	[]
363.67151060135063	220.95490869553151	[]
364.6643096667815	221.5717438848673	[]
370.7575409410757	220.7963048548299	[]
368.96486399966295	223.23151622276785	[]
365.7244544444444	220.7927850410509	[]
373.12517080211876	223.19872358304957	[]
374.4054590879704	222.71152132661175	[]
371.42695223339376	223.13204463203465	[]
375.5414583206068	223.99045268104007	[]
376.5074088410554	224.24090134273422	[]
377.1984414886061	224.4917728489691	[]
378.03812345743506	224.7335591624359	[]
378.9514951972066	224.7908283338251	[]
379.4309805135715	225.01114063854718	[]
381.5084579570382	223.75987017174558	[]
381.2042424974634	225.29623650625692	[]
381.89583128397913	225.47193500481973	[]
382.94916254237285	225.44530828593315	[]
383.5455551181326	225.84966366733084	[]
384.46839795100954	225.75009275405495	[]
385.0389408131744	226.2220754959212	[]
386.18118425579473	226.34230909401106	[]
386.7576494238625	226.80277396573055	[]
387.50127782515636	227.00403447251495	[]
388.33928625365667	227.49516122198418	[]
390.0417704049494	227.8905939895013	[]
390.3071963749654	228.25716406627893	[]
391.65986364622756	228.70074176886195	[]
386.27944715123044	225.58614352603476	[]
393.8454332025024	229.71072077927712	[]
395.16658545491856	230.24687459615998	[]
396.2797710937003	230.8694972144252	[]
398.26644470192525	230.64280749478078	[]
399.5059943169624	231.6067188549548	[]
401.08517264332437	232.1537860149536	[]
402.7352236634255	232.55868411442887	[]
404.6113436095382	233.07596635961883	[]
334.3803441747806	219.6266478170453	[(406.0031747746818, 233.45697594427244)]
407.5175430597355	233.96993704058366	[]
409.3499755410062	234.49764381575923	[]
410.8708393395408	234.7332018389703	[]
412.1907566976935	235.05521954531972	[]
413.94298338298165	235.39308221992368	[]
420.379086628658	233.11682684076231	[]
337.72755946727546	220.62499536471137	[(417.26355939119287, 236.2562353959535)]
418.9275261907395	236.3504213945931	[]
421.03893183576423	231.0703204129935	[]
422.05875440501865	236.93321809851807	[]
424.495898354318	224.15427348653907	[]
340.33231769230764	223.44149148148145	[(426.48285783999063, 229.68231711087853)]
341.2667219873102	222.9208121753909	[(427.2910532180388, 238.43606446911173)]
429.12091182966464	238.6156875332033	[]
342.4423615981735	223.89989584474884	[(430.8114252046783, 238.82646614035087)]
343.10367051182374	223.1774206467984	[(434.60988176061977, 240.27193982456137)]
343.0733129711559	224.29864370201693	[(433.5177061761077, 238.5352600237214)]
343.4328039590075	224.7321567098166	[(435.216125388271, 238.80851204353198)]
340.8067258067158	229.4048694048594	[(437.3051646877947, 239.8009673665346)]
439.9992332186992	240.2129422317162	[]
341.2884193376764	229.84216526601517	[(441.4165704494169, 240.4231087112307)]
340.58781937335436	229.97670826224328	[(445.36240057239047, 228.62920191919193)]
340.7306279418855	230.1200455284862	[(444.94943745366794, 233.51244610611383)]
340.78797917723085	229.9667015237385	[(446.3745090386174, 241.1811669022633)]
340.1368979472693	229.08758062146893	[(448.3598417255385, 237.60311437368537)]
450.8081699164615	234.62443505158996	[]
453.4551627433761	233.5934949508369	[]
454.63157840655896	233.63966452497183	[]
455.6958102270147	233.4693756198764	[]
456.9105267449613	233.43838450118704	[]
457.7890045479903	233.21205513756814	[]
458.81645651446894	233.19272588913492	[]
459.42080309111344	233.14416657417343	[]
459.87623860369024	233.06619420714964	[]
460.7776162173499	233.20938234617464	[]
461.3421091389341	233.25900206164508	[]
461.9856789554723	233.37792302538492	[]
462.6482760455486	233.66797066252585	[]
463.41649556348955	234.02898650833072	[]
463.8504809576138	234.0025741025641	[]
465.37687201742176	234.7295857950621	[]
466.67145772457053	235.89186702360175	[]
467.61234513760763	236.22567135549286	[]
468.3561287916026	236.35395265232972	[]
469.1582146752182	236.93810048314003	[]
470.09246874459205	237.37810901297894	[]
471.05652035591146	237.84709505067786	[]
